bike_id,start_time,duration,stoptime,subscriber,birthyear,gender,trip_date
24657,11:14 PM,553963,09:07:02,false,1903,M,8/6/2013
22153,8:57 AM,230274,00:55:20,false,1985,,1/2/2017
25982,12:32 AM,978875,08:26:51,false,1990,M,10/27/2013
22113,1:12 PM,136610,03:09:45,true,1909,F,2/16/2017
27979,4:09 PM,89206,16:56:21,true,1924,M,2/2/2016
26558,12:53 PM,683479,10:44:48,true,1923,M,8/18/2016
21867,12:06 AM,839570,17:19:29,false,1908,M,10/7/2016
28110,9:36 AM,827277,23:24:21,true,1925,M,10/19/2015
25362,1:59 PM,447467,18:17:07,false,1926,M,4/24/2013
24589,5:40 AM,736015,18:07:22,false,1896,M,6/20/2017
23788,2:12 PM,977621,21:45:51,false,1960,M,3/16/2014
22763,11:41 AM,96876,14:36:13,false,1908,M,5/18/2015
24760,4:56 AM,996007,17:36:59,false,1916,F,4/10/2013
25592,11:09 PM,900438,09:16:59,true,1963,F,6/11/2014
20853,12:14 PM,128260,23:52:37,true,1999,M,7/21/2013
23520,11:30 AM,320563,04:33:27,true,1890,F,4/3/2015
29587,1:41 PM,492116,06:23:54,false,,M,9/3/2014
21322,6:43 AM,433225,07:04:14,true,1891,F,5/17/2013
23637,8:16 PM,504182,16:19:57,false,1922,F,9/14/2016
22572,2:56 PM,530039,18:10:30,false,1959,M,8/24/2016
26349,6:39 PM,323353,12:28:36,false,1941,F,7/7/2013
26171,10:05 PM,828374,12:11:14,true,1964,M,6/14/2013
21944,1:23 PM,736335,01:55:46,false,1906,M,1/1/2013
28160,11:48 PM,615574,02:47:53,true,1921,M,8/11/2014
20940,1:11 AM,536703,06:16:12,true,1973,F,7/1/2016
21311,7:38 AM,798120,13:20:57,true,1959,F,7/11/2017
23745,1:34 AM,46502,14:29:23,true,1923,F,5/9/2013
20080,1:17 PM,313146,04:16:49,true,1916,F,2/10/2013
27057,10:39 AM,83927,09:58:33,false,1950,M,8/3/2014
25761,4:07 AM,77025,01:31:12,true,1979,M,8/30/2017
27643,12:01 PM,64750,06:01:06,true,1992,M,12/8/2016
23976,12:50 PM,22761,19:09:32,true,1910,F,3/1/2014
20594,9:53 AM,226003,00:40:36,false,1909,M,1/7/2015
22567,2:00 PM,34798,23:40:57,true,1940,F,7/21/2015
27393,3:26 PM,710233,20:43:19,true,1958,M,2/5/2014
28653,9:30 AM,843162,03:43:05,true,1926,F,1/4/2018
28056,7:29 AM,339182,05:42:54,false,1909,F,9/29/2017
21145,8:54 PM,910944,09:56:34,true,1903,F,2/6/2013
26698,2:11 PM,166367,12:24:08,true,1933,M,5/6/2017
24172,10:57 AM,942602,08:47:41,false,1911,F,5/10/2014
25756,5:45 AM,907940,17:57:28,true,,F,4/2/2017
27242,12:49 AM,233935,17:48:29,true,1960,M,11/5/2014
29352,4:05 PM,213476,03:23:36,false,1948,M,9/9/2013
29407,5:51 PM,803756,01:07:54,false,1994,F,8/30/2017
24140,6:56 PM,581327,12:25:12,true,1969,M,11/26/2014
29943,5:12 AM,48266,18:37:01,false,1985,M,4/28/2014
25036,10:23 AM,105940,15:49:08,false,1911,M,3/15/2015
29042,7:13 AM,530408,10:33:21,true,1928,F,5/14/2013
29061,6:35 PM,443235,21:42:44,true,1993,M,7/18/2013
20821,7:35 PM,172759,19:34:46,false,1986,F,1/26/2016
26925,3:41 PM,983551,00:53:45,true,1936,F,10/4/2013
26570,6:18 AM,102124,10:40:05,false,1974,M,2/20/2015
21138,4:05 AM,203043,12:29:58,false,1900,F,6/11/2017
26885,5:18 PM,710013,22:31:47,true,1976,F,11/27/2014
21627,10:34 AM,448886,15:16:11,true,1916,F,8/23/2016
25202,11:38 PM,213774,11:01:43,true,1932,F,10/10/2017
28668,4:41 PM,979625,00:48:16,true,1972,F,12/5/2014
23658,8:42 AM,810515,17:51:27,true,1996,M,5/16/2013
24604,11:16 AM,388826,23:17:10,true,1908,M,9/13/2013
25243,7:19 PM,536120,00:14:58,true,1900,F,10/12/2015
28198,11:01 AM,377819,19:58:40,false,1976,M,11/23/2014
23399,3:04 AM,415349,22:27:13,false,1887,F,9/27/2015
26738,3:16 PM,391314,03:58:23,false,1916,M,9/10/2017
27968,7:38 PM,290470,04:19:59,false,1968,M,5/25/2015
24120,8:05 AM,634344,16:17:36,true,1929,F,3/9/2016
22911,8:58 AM,625172,14:37:45,false,1927,M,5/7/2014
23786,12:48 PM,709511,17:54:03,true,1892,F,4/28/2013
24650,11:12 PM,370313,06:04:21,true,1964,M,2/12/2015
28871,10:35 AM,608977,11:44:48,true,1926,F,9/17/2013
20491,11:48 AM,355413,14:32:03,false,1900,M,9/5/2015
26977,4:29 AM,755448,22:20:08,true,1915,F,8/2/2017
21809,11:46 PM,833192,15:12:44,false,1992,F,3/31/2013
20800,10:27 AM,51686,00:48:36,true,1925,M,4/30/2016
24310,8:08 PM,265316,21:50:36,false,1926,M,12/20/2017
27891,11:23 PM,101072,03:27:47,false,1992,F,10/6/2015
23811,9:27 PM,617315,00:55:53,false,1967,F,8/9/2016
22411,8:50 AM,561394,20:46:38,true,1935,F,2/5/2018
27514,10:06 PM,237308,16:01:22,false,1999,M,8/12/2017
20830,8:56 PM,753814,14:20:18,false,1906,F,1/2/2014
28338,7:05 PM,959077,21:29:50,false,1897,M,6/9/2014
29675,1:19 AM,526050,03:27:16,false,1993,M,3/18/2015
23656,5:48 PM,543501,00:46:52,true,1953,M,3/11/2018
27410,5:50 AM,449527,10:42:50,true,1925,F,1/27/2014
27851,4:17 AM,623289,09:25:40,false,1930,F,8/25/2014
21432,1:46 AM,247120,22:25:04,false,1920,M,12/7/2015
27617,2:51 AM,446541,06:53:26,true,1980,F,12/30/2014
21330,7:48 PM,896519,04:50:01,true,1894,M,11/23/2017
28070,1:11 PM,470400,23:51:26,false,1949,F,1/8/2017
25779,11:57 AM,518010,11:50:49,false,1952,F,5/24/2015
26207,8:13 AM,613892,10:45:28,false,1945,F,11/24/2015
22560,12:40 AM,998097,13:55:23,true,1982,,2/19/2017
20173,5:51 PM,927905,11:36:11,true,1978,M,6/27/2013
26770,1:33 AM,316639,17:30:24,true,1887,M,3/14/2018
28043,2:48 AM,473261,14:16:39,true,1965,F,6/5/2016
29867,8:16 AM,329460,03:47:33,false,1980,F,12/22/2015
22368,5:32 PM,901900,04:04:21,true,1948,F,10/6/2014
28987,9:24 PM,974496,04:06:17,false,1942,M,3/18/2018
23528,7:27 AM,25024,14:24:58,false,1968,M,12/15/2014
20160,10:15 PM,953117,23:00:24,false,1982,M,3/15/2016
24304,5:26 PM,266038,19:20:33,true,1915,M,4/1/2015
21962,1:49 PM,692862,14:16:53,true,1903,M,1/19/2014
24406,8:22 PM,429240,19:36:06,false,1951,M,9/27/2015
28362,10:42 AM,569179,00:48:38,false,1978,F,7/17/2017
23738,9:25 AM,272915,13:14:30,true,1964,F,4/6/2014
29691,5:22 AM,402731,21:14:11,true,1981,M,1/17/2017
28702,2:57 AM,873097,05:28:55,true,1921,M,11/16/2013
24653,1:58 PM,439986,16:11:58,true,1914,M,9/22/2017
25907,11:19 PM,677688,19:34:39,false,1911,F,3/24/2013
25870,9:16 PM,934031,16:44:07,true,1944,M,3/22/2018
24741,4:12 PM,163219,13:32:50,false,1908,F,10/19/2016
21140,5:13 AM,687664,04:14:59,false,1888,M,8/28/2013
23156,5:58 AM,721240,14:18:41,true,1926,F,2/26/2016
26368,2:02 PM,884923,19:50:57,true,1997,F,1/2/2016
21355,9:05 AM,99603,12:45:54,true,1988,F,10/9/2014
22135,3:25 AM,71305,23:14:15,false,1912,M,8/13/2017
25336,10:36 PM,696686,00:08:04,true,1905,F,7/15/2013
23784,3:39 PM,122777,01:45:43,true,1955,F,10/6/2014
24375,8:47 PM,74786,17:33:50,false,1960,M,3/30/2013
25506,5:48 PM,200875,01:36:44,false,1891,M,7/22/2014
28452,12:58 PM,659770,04:15:04,false,1951,M,11/29/2015
20159,8:45 PM,583031,14:42:37,false,1999,M,7/3/2014
23239,9:31 AM,740063,23:05:31,true,1989,M,6/18/2016
28085,12:45 PM,318166,05:08:13,true,1946,M,8/5/2015
27119,9:38 AM,626176,15:34:51,true,1931,M,5/16/2017
21711,9:54 AM,414705,05:06:04,true,1915,F,10/15/2015
20391,4:51 AM,956069,06:26:14,true,1906,F,4/25/2016
28493,1:21 AM,55539,16:47:18,true,1981,M,11/4/2016
27921,12:04 AM,715862,06:55:08,true,1956,F,5/22/2017
24733,12:40 PM,152806,07:07:41,true,1942,M,11/19/2013
26712,11:35 AM,806562,19:38:23,true,1921,M,1/25/2017
22061,11:19 AM,592590,07:56:05,false,1937,F,4/19/2016
29857,7:57 AM,638999,17:27:45,false,1952,,10/13/2016
25604,8:00 PM,401314,11:28:44,true,1915,F,8/1/2015
28208,2:43 PM,155597,09:56:29,false,1941,M,2/23/2013
29684,9:52 AM,78851,07:46:53,true,1997,F,11/10/2016
20938,3:18 PM,132038,03:58:39,false,1990,,10/25/2015
24593,8:52 AM,99280,12:26:43,false,1893,M,9/27/2016
28050,1:01 PM,794900,17:49:26,false,1989,M,3/8/2015
29465,5:59 PM,69869,13:24:17,false,1894,M,7/26/2014
29709,12:30 AM,677638,20:44:15,false,1944,M,5/16/2013
24469,10:02 PM,794705,02:47:43,true,1951,F,5/25/2013
27868,10:00 PM,120151,07:22:38,false,1945,F,5/15/2015
29576,2:41 PM,405424,07:18:44,true,1940,M,4/27/2014
28883,11:29 PM,676116,19:17:59,true,1948,F,7/7/2013
23691,1:10 AM,147855,18:14:18,false,1923,F,11/7/2013
24060,1:17 AM,787777,04:07:15,true,1968,M,11/16/2015
21133,11:13 PM,356620,02:16:56,true,1925,M,10/31/2014
22946,2:15 PM,657380,04:51:41,true,1961,M,10/8/2014
22943,6:49 AM,850164,02:58:54,false,1968,F,7/22/2014
24255,7:31 AM,440988,10:01:26,true,1915,M,9/18/2017
22836,7:04 AM,167945,05:43:12,true,1959,M,9/8/2013
29978,4:19 AM,476934,16:48:50,true,1938,F,10/1/2013
26894,7:16 AM,35299,17:05:04,true,1900,F,9/20/2014
28225,12:56 PM,829403,03:19:36,true,1953,,3/16/2016
25536,7:52 PM,901170,06:12:03,true,1963,F,5/25/2014
25694,12:42 PM,335695,09:57:51,false,1989,F,4/1/2013
27545,5:28 AM,488860,21:16:31,false,1952,F,6/12/2016
23110,7:17 AM,247706,04:05:42,false,1922,M,10/2/2016
25759,8:36 PM,842732,14:41:34,false,1975,M,1/11/2017
23448,11:22 PM,381741,09:25:01,false,1977,F,6/27/2014
28982,5:51 PM,168806,16:44:52,false,1917,F,2/26/2016
23524,9:22 PM,671570,15:55:42,true,1901,F,12/18/2016
24459,6:27 AM,779726,07:02:39,true,1958,F,9/18/2014
29324,4:46 PM,497584,10:59:04,false,1933,F,6/21/2014
21735,3:53 PM,556107,02:21:46,false,1897,M,9/24/2014
25757,2:49 AM,802654,09:46:35,true,1979,F,6/19/2013
28454,10:57 AM,909637,23:38:04,true,1942,M,5/28/2013
22618,9:47 AM,933784,05:10:59,false,1941,M,9/6/2013
23122,6:19 AM,273264,10:13:46,true,1969,M,4/8/2014
20476,5:48 AM,420329,02:34:05,false,1940,M,7/2/2013
27928,11:08 PM,611654,01:02:59,false,1959,M,6/13/2013
21910,8:27 AM,287303,16:16:16,true,1959,F,10/5/2017
21339,9:48 PM,843249,16:02:37,false,1963,M,5/26/2016
27239,2:03 AM,633080,09:54:26,true,1943,M,2/16/2018
23315,6:00 PM,499696,12:49:06,false,1981,F,5/9/2014
23552,1:08 PM,745563,04:14:06,false,1975,M,10/7/2015
24618,3:06 AM,61748,20:16:04,true,1900,M,6/24/2014
25957,9:45 AM,532016,13:32:48,true,1993,M,7/3/2015
24152,5:10 PM,571902,08:02:39,true,1892,M,8/17/2015
21370,10:40 PM,564460,11:27:56,false,1914,F,6/7/2017
22774,6:54 AM,522938,08:09:44,false,,F,6/5/2014
24542,3:57 PM,70573,11:33:33,false,1895,F,4/11/2016
27987,11:02 PM,547863,07:13:08,true,1974,M,11/4/2013
26756,1:05 AM,257180,00:32:01,true,1979,M,7/9/2013
27393,3:22 PM,593851,12:20:15,true,1940,M,10/17/2016
27925,3:31 AM,807778,11:54:39,false,1936,M,5/6/2013
22520,7:59 PM,592879,16:41:16,false,1917,F,5/14/2015
27794,8:46 PM,603016,20:16:50,false,1963,M,8/3/2013
23245,9:07 PM,583286,15:09:11,false,1910,F,5/14/2017
27430,10:09 AM,339008,08:19:42,false,1958,F,5/17/2016
26318,4:34 PM,825377,05:51:14,false,1969,M,3/4/2013
20159,4:52 AM,231204,21:05:29,true,1985,M,1/1/2018
20120,4:30 AM,135330,18:05:32,true,1939,M,12/27/2013
24716,2:22 PM,776200,13:59:04,true,1891,M,10/3/2014
29568,3:29 PM,751,15:42:08,false,1913,M,2/8/2018
25263,4:25 PM,8290,18:43:42,false,1967,M,11/25/2013
29526,7:53 PM,660332,11:18:48,true,1997,F,7/29/2013
24721,6:53 AM,797651,12:27:27,false,1978,F,6/24/2013
22307,9:23 PM,630122,04:25:07,true,1968,F,11/16/2013
24692,3:47 AM,392167,16:43:17,true,,M,3/23/2013
26124,7:23 PM,502255,14:54:16,true,1989,F,5/4/2016
28918,9:21 AM,609635,10:42:03,false,1930,M,3/25/2014
23720,8:10 PM,681259,17:24:34,true,1998,F,12/5/2013
25312,8:55 AM,482940,23:04:27,false,1988,F,6/20/2014
26397,8:42 PM,640650,06:39:31,true,1925,F,7/1/2017
20264,9:13 AM,803069,16:17:42,false,1997,F,10/25/2013
25315,10:47 PM,357917,02:12:51,false,1906,F,9/6/2015
24726,6:08 AM,956364,07:48:15,false,1978,F,12/25/2016
25775,11:04 AM,631582,18:30:25,false,1987,F,10/31/2016
22384,10:45 PM,264679,00:16:36,false,1898,M,5/27/2017
28312,2:21 AM,248294,23:20:00,true,1928,M,7/8/2017
21193,1:39 PM,965534,17:51:29,true,1897,M,7/1/2017
28759,6:56 PM,65026,13:00:44,true,1888,F,4/26/2013
20680,4:46 PM,541973,23:19:23,true,,F,9/18/2014
25978,3:04 AM,47167,16:10:27,false,1900,F,4/13/2017
20658,1:41 PM,95740,16:17:21,true,1986,F,7/30/2015
27603,3:26 PM,48133,04:48:58,false,1915,F,8/9/2014
26009,11:09 PM,196026,05:36:45,true,1937,M,1/22/2018
27426,12:07 PM,674769,07:33:50,false,1982,F,2/14/2016
22905,5:30 AM,295011,15:27:23,true,1968,M,8/31/2013
26649,4:17 AM,368421,10:37:32,false,1956,F,3/20/2018
21563,5:46 AM,303166,17:59:00,true,1893,F,3/29/2014
22850,5:59 PM,33445,03:16:51,false,1999,M,6/15/2014
29500,7:00 AM,254266,05:37:54,false,1892,F,1/10/2018
29231,11:33 PM,864448,23:40:40,true,1969,M,4/2/2016
25734,8:19 AM,564262,21:03:48,false,1991,F,10/20/2015
20885,5:46 AM,621481,10:24:26,false,1958,,7/6/2016
28236,3:50 PM,266634,17:54:49,true,1941,F,2/5/2017
29698,6:41 AM,119780,15:57:43,true,,M,3/8/2014
23385,6:51 PM,694880,19:52:47,true,1943,M,9/19/2016
20269,8:51 AM,427547,07:37:13,false,1947,F,11/11/2017
27592,8:03 AM,530446,11:23:53,false,1912,M,11/17/2017
25878,3:23 PM,620470,19:44:11,true,1952,M,5/30/2015
27814,11:39 AM,475354,23:42:33,false,1961,F,11/23/2016
20333,9:48 PM,311246,12:15:58,false,1922,M,4/23/2017
21775,6:43 PM,888108,01:25:07,false,1952,M,2/3/2018
28724,2:43 AM,55100,18:01:26,false,1937,M,2/10/2016
29129,4:53 PM,232197,09:23:11,true,1983,M,7/20/2017
20375,8:52 AM,488265,00:30:16,true,1968,M,12/31/2014
26162,1:15 AM,740101,14:50:17,true,1917,F,7/15/2015
22289,7:36 PM,881791,00:33:28,false,1979,F,10/17/2013
29239,1:35 PM,623198,18:42:21,true,1971,M,4/19/2015
24475,6:57 PM,922156,11:06:33,true,1961,F,8/24/2013
21085,5:09 AM,398443,19:50:10,true,1891,F,9/12/2016
25212,4:21 AM,488006,19:55:04,false,1936,M,5/12/2017
29427,9:56 AM,211941,20:49:08,false,1905,M,1/11/2018
29502,8:34 PM,224262,10:52:04,false,1929,F,10/18/2016
28664,4:32 AM,452075,10:07:24,false,,F,4/9/2013
20223,11:58 AM,557488,22:49:53,true,1996,F,4/24/2015
28525,9:32 PM,836746,13:57:48,true,1899,F,8/23/2017
21337,6:34 AM,479781,19:50:54,true,1921,M,6/14/2017
26226,6:40 PM,972532,00:49:37,true,1950,F,3/1/2015
25174,11:05 PM,341043,21:49:26,true,1926,M,4/28/2014
28868,10:11 AM,972458,16:19:03,true,1999,M,4/1/2014
24684,6:49 PM,18053,23:50:45,false,1990,M,10/14/2015
20535,8:02 AM,695642,09:16:59,true,1979,M,10/22/2013
25825,4:32 AM,82360,03:24:57,true,1947,M,12/26/2017
26426,5:36 PM,583555,11:42:48,false,,F,4/22/2014
21441,2:29 AM,156210,21:52:43,true,1947,M,7/14/2014
24426,4:27 PM,273659,20:28:22,false,1995,F,4/12/2016
21032,9:51 AM,221519,23:23:26,false,1930,M,1/27/2014
24611,4:58 PM,359466,20:49:54,true,1968,F,3/7/2014
23009,11:53 PM,854400,21:13:05,false,1962,,5/6/2017
21470,11:13 PM,61797,16:23:02,true,1991,M,12/20/2013
28984,8:28 AM,851267,04:55:54,false,1996,F,8/18/2015
27454,3:21 AM,391210,16:01:56,false,1894,F,2/18/2016
25337,4:53 AM,599469,03:25:04,true,1957,F,4/17/2017
26219,1:38 PM,202711,21:56:58,true,1891,M,1/23/2015
20852,10:29 PM,882476,03:37:11,true,1937,M,4/25/2014
21080,8:37 PM,375035,04:47:58,true,1945,F,4/12/2014
22014,8:50 PM,173086,20:55:39,true,1991,M,5/15/2017
27011,5:59 PM,866844,18:47:21,false,1994,M,7/26/2014
29741,8:47 PM,82531,19:43:19,true,1914,M,10/5/2013
23338,7:16 PM,253633,17:44:06,false,1975,F,2/4/2013
25619,2:57 AM,253249,01:18:36,false,1994,F,3/30/2013
27131,11:45 PM,19434,05:09:52,true,1957,M,9/23/2015
27410,7:40 AM,128531,19:22:37,true,1990,M,2/10/2014
27457,11:53 PM,977247,07:21:20,false,1901,,9/26/2017
21217,10:25 AM,163395,07:48:48,true,1905,F,6/17/2014
27978,4:55 AM,226030,19:43:01,true,1931,F,9/19/2015
22330,7:17 AM,600874,06:11:35,true,1955,F,5/6/2014
24817,9:31 PM,346203,21:41:56,false,1991,F,7/9/2015
20266,10:31 PM,356998,01:41:08,false,1997,F,1/12/2013
23734,2:49 AM,245364,22:59:00,true,1995,F,5/14/2014
29943,2:26 PM,532801,18:26:35,false,,M,6/4/2013
22993,3:56 AM,229621,19:43:19,false,1894,F,8/27/2016
22071,8:27 PM,798444,02:14:51,true,1932,F,7/18/2014
29914,1:40 PM,212952,00:49:36,true,1996,F,10/5/2015
26169,12:06 AM,973523,06:31:59,true,1907,F,5/20/2016
27687,10:19 PM,673174,17:19:26,true,1919,M,8/21/2016
29023,1:59 PM,678867,10:34:16,false,1977,F,11/3/2014
23123,5:52 PM,955376,19:15:51,true,1909,F,5/2/2014
27557,11:06 PM,945074,21:37:52,false,1969,M,8/3/2013
24879,9:35 PM,678795,18:09:13,true,1917,F,10/24/2016
26609,4:04 AM,388022,15:51:21,true,1951,M,3/17/2016
27755,2:04 AM,975897,09:09:18,true,1912,F,2/3/2013
28282,10:17 PM,796330,03:29:18,true,1921,F,1/22/2018
26090,5:51 AM,534420,10:18:54,true,1958,F,3/2/2017
28394,12:44 AM,892590,08:41:18,false,1889,M,8/24/2015
28744,1:13 AM,24606,08:03:57,false,1991,F,10/7/2016
21056,9:05 PM,891728,04:47:23,true,1921,M,4/13/2014
29525,11:59 AM,890193,19:16:09,true,1906,F,12/11/2016
26309,8:03 AM,895390,16:46:39,false,1991,M,2/27/2018
23756,4:45 AM,716220,11:42:57,true,1996,M,11/18/2014
28389,9:31 AM,921434,01:29:08,false,1989,M,4/30/2013
22748,6:14 PM,666700,11:26:28,false,1893,M,12/25/2016
23250,8:34 PM,700136,23:03:05,true,1923,F,2/20/2014
25992,1:26 AM,127501,12:51:28,false,1968,M,11/3/2016
22674,7:55 PM,972872,02:09:46,true,1889,F,8/16/2015
27984,12:50 PM,360091,16:52:29,false,1972,M,3/12/2018
21169,2:40 PM,845517,09:32:43,true,1915,F,5/26/2013
29787,1:42 PM,589313,09:24:51,false,1927,F,2/19/2018
25418,12:06 AM,762157,19:49:23,false,1940,M,3/16/2018
22257,3:02 AM,635783,11:38:55,false,1888,M,9/17/2016
20753,9:39 PM,123330,07:55:24,false,1915,F,10/24/2014
29511,11:27 AM,371425,18:38:11,false,1953,M,7/1/2013
21823,7:00 PM,13431,22:44:30,true,1966,F,7/5/2017
21644,4:42 PM,863179,16:28:43,false,1964,F,7/6/2013
21391,12:41 PM,719284,20:29:42,false,1937,F,2/21/2013
25702,9:23 AM,232339,01:55:21,true,1995,,7/4/2017
26365,7:24 PM,122935,05:33:40,true,1951,F,8/13/2013
22839,7:21 AM,457284,14:22:25,true,1919,F,4/27/2016
24905,12:47 PM,720704,20:59:25,true,1982,M,8/23/2017
21778,12:44 PM,935495,08:35:37,false,1900,M,10/29/2017
22082,4:32 AM,93166,06:24:51,false,1921,M,1/10/2013
29971,3:48 PM,804275,23:12:44,false,1933,M,5/2/2015
21610,4:45 AM,379900,14:16:45,false,1918,F,8/27/2013
20212,12:01 AM,245518,20:13:37,false,1924,M,11/20/2017
28506,10:09 PM,864785,22:22:11,true,1956,M,6/6/2013
29019,8:52 AM,913262,22:33:22,true,1990,M,4/6/2016
27896,4:13 PM,844293,10:44:38,true,1929,M,9/10/2017
22003,9:19 PM,422898,18:47:40,true,1972,M,8/17/2014
27141,5:08 PM,572363,08:08:00,true,1913,M,7/3/2017
22520,8:03 PM,175314,20:45:07,false,1962,M,10/6/2015
23263,2:58 PM,330913,10:53:37,true,1988,F,9/20/2015
25796,4:06 PM,452594,21:49:47,false,1896,F,7/7/2015
22979,2:30 PM,148552,07:46:41,true,1931,F,11/18/2015
29322,12:47 AM,240162,19:30:22,true,1992,M,5/14/2015
25994,8:17 PM,210410,06:43:50,false,1941,F,6/10/2014
27983,5:22 AM,148891,22:43:44,false,1906,F,4/2/2015
29758,10:44 PM,230692,14:49:27,true,1905,F,3/15/2013
22616,3:38 AM,700377,06:10:59,false,1946,M,3/21/2018
22969,6:16 AM,532436,10:10:53,true,1925,F,12/1/2013
22666,2:20 AM,28514,10:16:04,false,1931,F,12/3/2013
29149,8:45 AM,776786,08:32:06,true,1954,M,2/27/2015
28969,5:37 PM,804188,01:00:40,false,1976,F,5/8/2013
29822,9:17 AM,517361,08:59:50,false,1981,M,11/9/2015
25311,10:54 PM,234406,16:01:11,false,1988,M,12/25/2015
25910,11:15 PM,952752,23:54:20,true,1890,M,6/4/2017
21966,10:18 PM,121810,08:08:31,true,1949,M,1/29/2016
29101,4:51 AM,769398,02:34:52,false,1996,,9/16/2017
27145,4:49 AM,433995,05:22:34,true,1951,F,3/6/2016
22687,6:00 PM,957901,20:05:49,true,1921,F,2/3/2013
28445,11:32 AM,287311,19:21:02,false,1898,F,10/16/2016
26631,10:36 PM,110153,05:12:45,true,1915,F,9/23/2013
23485,1:16 AM,249003,22:26:34,false,1953,M,6/10/2017
20730,11:14 PM,605739,23:29:57,false,1946,F,6/10/2013
21197,1:17 PM,290273,21:55:21,true,1966,F,7/26/2015
24098,5:45 AM,315665,21:26:45,false,1953,F,1/7/2017
21001,12:01 AM,262100,00:49:41,false,1949,M,2/22/2014
26383,9:47 PM,179204,23:34:06,false,1985,F,11/28/2016
28111,7:37 AM,965455,11:48:27,false,1980,,12/3/2017
25487,3:44 PM,855249,13:18:51,true,1963,M,6/4/2017
21848,6:23 PM,964775,22:23:05,false,1972,F,10/16/2014
27183,2:48 PM,575197,06:35:00,false,1925,M,8/29/2013
21116,11:49 AM,140041,02:43:27,false,1892,M,2/15/2018
27916,2:34 AM,324468,20:42:34,false,1925,F,7/16/2016
21129,3:32 AM,163972,01:05:43,true,1912,M,12/11/2015
25438,11:23 AM,143753,03:18:53,false,1932,F,10/18/2016
25058,6:01 AM,309024,19:52:16,true,1974,M,5/30/2016
26914,11:53 PM,35403,09:43:41,true,,F,4/9/2017
23182,7:10 AM,320586,00:13:58,false,1998,F,5/25/2013
22898,2:59 PM,161875,11:57:08,false,1982,F,2/4/2014
28542,4:23 AM,587093,23:28:04,true,1989,F,10/1/2015
27339,7:36 AM,137351,21:45:20,true,1948,M,3/5/2013
20409,3:33 AM,895860,12:24:46,false,1917,F,2/10/2016
28638,4:13 AM,121629,14:00:14,false,1903,F,6/25/2014
29442,7:39 AM,230921,23:48:12,true,1930,M,7/10/2013
24275,6:13 AM,574232,21:43:40,false,1982,M,5/18/2017
21624,7:08 PM,725542,04:40:45,false,1944,,4/14/2013
21257,6:38 PM,384997,05:35:06,false,1920,F,12/26/2014
29223,9:02 PM,549608,05:42:49,true,1904,F,3/9/2014
23520,9:37 PM,417788,17:40:29,false,1918,F,8/4/2013
29352,9:21 AM,383971,20:01:08,false,1985,F,1/29/2015
20513,6:09 PM,719504,02:01:05,false,1905,M,10/19/2016
26634,11:39 AM,441940,14:25:18,false,1919,M,2/13/2018
20883,2:52 PM,793207,19:13:06,true,1975,F,4/28/2014
20253,4:05 AM,855253,01:39:50,true,1926,F,5/1/2017
25703,1:19 PM,401450,04:50:13,false,1934,M,11/13/2016
29033,7:30 AM,986149,17:25:55,true,1930,M,1/4/2014
21675,9:02 PM,405443,13:40:03,false,1949,F,3/10/2013
21288,7:09 PM,241160,14:09:14,false,1891,F,7/17/2015
29248,4:45 PM,207037,02:16:12,false,1990,F,8/3/2017
28658,2:52 PM,593382,11:42:09,true,1958,F,6/24/2013
21748,7:42 PM,745830,10:53:17,true,1992,F,6/27/2013
28540,10:17 AM,905163,21:43:47,false,1894,F,1/21/2018
25010,6:53 PM,466645,04:31:09,false,1890,F,6/9/2014
26077,3:57 PM,161813,12:53:56,true,1958,M,7/7/2013
27777,2:37 AM,686699,01:22:26,false,,F,7/5/2017
29291,11:33 AM,706572,15:50:06,false,1892,M,4/25/2017
28280,3:38 PM,188632,20:02:45,true,1956,M,2/12/2013
22807,8:43 PM,775885,20:14:42,true,1921,F,3/7/2014
21402,3:34 AM,225335,18:10:13,false,1997,F,12/28/2017
28945,1:56 AM,388326,13:48:08,true,1936,F,11/29/2016
21825,1:16 PM,578169,05:53:08,true,1993,M,11/8/2013
28604,10:14 AM,358186,13:44:43,false,1954,M,10/17/2015
22407,5:53 PM,936417,14:00:17,false,1931,M,6/2/2016
29023,10:06 PM,136565,12:02:49,false,1970,F,4/14/2015
29625,7:07 AM,491513,23:39:34,false,1937,M,6/14/2015
21756,9:16 AM,951310,09:31:15,true,1985,M,3/13/2014
22342,10:02 AM,165268,07:56:29,false,1888,M,6/16/2013
20776,3:47 PM,173711,16:02:34,false,1900,M,1/12/2017
28073,10:32 AM,630368,17:38:19,true,1997,M,3/25/2018
25341,10:12 AM,611282,12:00:33,false,1984,M,11/2/2017
21892,11:36 PM,851400,20:06:08,true,,F,12/19/2017
20850,7:32 AM,196862,14:13:37,false,1922,F,2/22/2014
27371,9:19 AM,223998,23:32:40,false,1974,M,8/11/2014
22275,10:29 PM,103235,03:10:25,true,1962,M,12/26/2015
20768,10:42 PM,384424,09:29:26,true,1979,M,1/16/2018
20918,5:10 AM,130939,17:32:41,true,1958,F,7/20/2014
25942,6:08 AM,471454,17:06:01,false,1937,M,10/19/2013
27972,3:29 AM,501003,22:39:22,false,1958,M,11/9/2016
28955,4:31 AM,274522,08:47:10,true,1976,M,1/2/2018
22828,6:40 AM,243067,02:12:03,true,1948,F,6/4/2017
23797,4:19 AM,947150,03:25:39,true,1958,M,3/10/2017
22552,5:38 PM,392106,06:33:45,true,,,11/6/2017
21806,4:46 PM,37003,03:03:09,false,1889,M,12/2/2015
23885,2:32 PM,794130,19:08:26,true,1957,F,11/5/2014
26527,1:05 PM,685391,11:28:14,true,1956,F,7/19/2014
26731,1:43 PM,927903,07:28:42,true,1925,F,8/4/2016
25983,7:53 PM,477082,08:24:45,false,1893,M,2/16/2015
27199,1:54 AM,568251,15:45:40,true,1946,F,11/21/2013
23993,9:31 PM,255039,20:22:07,true,1910,M,5/12/2015
26069,1:33 PM,166812,11:53:48,true,1946,F,2/13/2013
28305,5:04 AM,196556,11:40:06,false,,M,6/1/2016
24138,8:44 PM,802251,03:35:26,true,1944,M,11/27/2016
23298,7:49 PM,118324,04:41:06,true,1903,M,1/6/2015
29091,1:15 PM,129714,01:17:22,false,1893,,8/20/2013
27239,7:37 PM,296331,05:56:35,false,1909,F,5/15/2014
27311,3:31 PM,63291,09:06:16,false,1899,F,8/27/2014
26124,6:08 AM,245937,02:27:47,false,1987,F,5/14/2014
27210,5:03 AM,505997,01:36:22,true,1948,M,7/6/2013
29024,9:04 PM,760505,16:19:35,false,1992,M,12/22/2014
20361,3:17 PM,283419,22:00:51,true,1890,M,4/16/2017
28363,1:51 AM,892521,09:46:43,true,1995,F,10/26/2015
22633,6:23 AM,168395,05:10:16,false,1991,M,9/2/2014
23042,6:55 AM,275668,11:29:34,true,1998,F,3/8/2018
23973,4:06 PM,827899,06:04:49,true,1917,M,11/6/2017
21940,4:11 AM,944189,02:28:02,true,1891,F,6/28/2013
21828,10:39 AM,929110,04:45:04,true,1995,F,3/2/2013
28756,9:04 PM,685174,19:24:02,true,1998,F,12/28/2017
22884,2:45 AM,883209,08:05:26,true,1939,F,4/24/2016
28145,3:11 PM,488044,06:45:56,false,1902,M,2/8/2015
24813,3:13 PM,343304,14:35:17,false,1912,M,9/16/2017
25841,3:38 AM,715126,10:17:05,true,1990,M,1/2/2015
27066,3:50 PM,29718,00:05:47,false,1966,M,12/21/2016
23625,1:54 AM,522621,03:04:54,false,1966,F,8/28/2015
25320,11:17 AM,131028,23:41:07,false,1892,F,10/17/2015
26985,1:09 AM,726455,10:57:23,true,1911,F,11/10/2015
21835,10:13 PM,127084,09:31:21,false,1887,M,8/29/2013
29016,1:07 AM,332907,21:36:11,false,1976,F,5/22/2016
21093,7:43 AM,791185,11:29:38,true,1950,M,3/7/2015
21509,11:15 PM,532510,03:11:07,false,1970,M,12/1/2015
26841,5:55 AM,773592,04:48:42,false,1988,F,12/6/2015
26396,12:54 AM,119256,10:02:21,true,1918,F,7/8/2017
23140,6:44 PM,993399,06:41:38,true,1917,F,2/16/2017
24154,9:21 PM,545368,04:51:13,false,1977,M,5/9/2013
21788,9:03 PM,302767,09:09:31,true,1911,F,2/16/2016
28202,2:28 PM,905263,01:56:00,false,1926,F,7/22/2015
24892,3:52 AM,198361,10:58:25,false,1928,M,4/28/2016
20861,7:52 PM,870528,21:41:06,true,1948,F,12/12/2013
28405,5:56 AM,503362,01:46:16,false,1936,F,9/3/2016
20762,2:29 AM,315117,18:01:14,false,1939,M,5/16/2015
24804,6:48 AM,766491,03:43:07,true,1945,M,10/22/2015
22126,8:11 PM,281615,02:25:24,true,1953,F,7/10/2017
21488,12:00 PM,140608,03:03:31,false,1890,F,5/10/2016
28296,8:18 PM,235872,13:49:18,false,1912,M,9/13/2014
23516,4:17 PM,842680,10:22:24,false,,F,11/12/2013
26721,4:18 AM,583448,22:23:02,false,1900,M,10/14/2017
29706,7:48 PM,425135,17:54:18,false,1962,F,4/6/2017
26593,4:55 PM,366734,22:48:05,true,1906,F,12/14/2016
24339,2:24 PM,138182,04:47:32,true,1914,F,5/26/2013
29155,9:34 PM,619727,01:43:03,true,1908,F,11/13/2013
22700,3:38 AM,117202,12:12:19,true,1952,F,9/9/2016
20513,2:11 AM,238514,20:26:38,false,1917,M,11/3/2016
28213,12:22 PM,961779,15:32:22,true,1914,F,9/6/2014
28225,8:38 AM,19362,14:01:14,true,1916,F,9/25/2017
24227,12:31 PM,64963,06:34:24,true,1898,M,9/22/2016
21565,7:21 AM,909925,20:07:06,false,1989,F,1/3/2013
21310,7:33 AM,404077,23:48:24,true,1918,M,5/4/2013
21767,11:25 PM,149691,17:00:38,false,1920,F,3/31/2015
27833,3:58 PM,539504,21:49:55,true,,M,4/13/2017
28246,12:08 AM,116605,08:31:31,true,1953,,8/15/2017
24984,1:27 AM,201313,09:22:45,false,1946,F,7/31/2015
23139,8:11 AM,220818,21:31:43,false,1985,F,4/23/2017
22340,2:56 AM,198212,10:00:17,false,1983,M,6/13/2013
25113,7:48 AM,117649,16:29:11,true,1978,M,12/30/2013
24279,10:13 AM,509926,07:51:56,true,1967,F,8/13/2015
20475,12:31 AM,751578,17:18:15,true,1993,M,5/20/2014
25689,10:34 PM,641586,08:47:12,false,1975,M,1/1/2017
22543,9:29 PM,188424,01:50:06,false,1978,M,7/25/2017
23341,6:06 PM,854948,15:35:37,false,1950,F,3/2/2016
26258,12:49 PM,806352,20:48:23,true,1972,F,2/18/2015
28373,7:16 PM,736745,07:55:09,true,1891,,6/6/2017
25158,6:45 PM,297196,05:18:45,true,1957,F,2/20/2013
20943,2:51 PM,819343,02:27:13,false,1961,M,10/5/2016
20695,11:29 AM,594738,08:41:51,false,,M,3/24/2013
21905,6:23 AM,468923,16:38:40,false,1944,M,2/22/2013
21423,1:55 AM,547455,10:00:01,true,1952,F,7/31/2017
27432,3:08 PM,64545,09:04:01,true,1967,F,9/28/2014
26077,4:00 AM,772937,02:42:51,false,1939,M,5/20/2013
25938,7:17 AM,282748,13:49:38,true,1899,F,1/17/2016
24616,1:31 PM,782491,14:52:51,true,1922,F,6/28/2013
24766,5:29 PM,781559,18:35:30,true,1901,M,2/20/2016
20933,3:07 AM,349597,04:13:38,false,1892,F,10/28/2013
21318,1:47 PM,641469,23:58:21,false,1933,M,1/9/2016
27879,1:46 AM,299939,13:05:18,false,1905,F,11/29/2017
21077,8:35 AM,242837,04:03:06,true,1930,F,5/27/2013
23500,4:44 PM,360629,20:55:14,false,1894,M,1/9/2013
28533,4:13 PM,147013,09:03:40,true,1907,M,12/8/2014
28818,4:27 AM,545487,11:58:51,false,1950,M,3/29/2016
20013,3:48 PM,763907,11:59:58,false,1922,F,10/12/2016
25149,12:12 PM,279607,17:53:06,false,1926,F,2/3/2018
23607,9:31 AM,302255,21:29:11,false,1911,F,10/17/2013
26805,10:54 PM,781984,00:07:40,false,1968,F,7/28/2017
22538,8:31 PM,550005,05:18:02,true,1911,F,2/15/2014
26311,2:28 AM,859712,01:16:32,false,1899,F,3/30/2015
27363,7:28 PM,362770,00:14:12,false,1971,M,7/13/2017
20006,3:39 AM,973939,10:11:59,true,1933,F,4/30/2016
27952,4:29 PM,2048,17:03:08,true,1951,F,7/31/2016
25588,8:14 PM,920796,12:00:52,false,1912,F,6/4/2015
28563,4:30 PM,815264,02:57:49,true,1899,M,8/14/2014
21435,10:13 PM,85126,21:51:54,false,,,8/30/2013
29316,1:47 AM,82132,00:36:03,false,1921,F,6/10/2015
25579,5:27 PM,431448,17:18:05,true,1905,F,10/27/2015
22348,7:41 AM,653860,21:19:39,false,1932,M,1/27/2018
23446,9:34 PM,323327,15:23:02,true,1946,F,5/12/2013
29337,7:40 AM,794577,12:23:34,false,1936,F,10/6/2014
29833,3:04 PM,388392,02:58:00,true,1975,F,6/18/2014
20220,7:05 PM,634215,03:16:12,false,1888,F,10/8/2015
29900,2:26 PM,928585,08:22:30,false,1888,F,11/28/2014
26187,9:38 AM,180541,11:47:44,true,1950,F,9/17/2015
26712,1:18 PM,473712,00:53:43,false,1979,M,11/18/2017
20512,7:05 AM,551797,16:21:48,true,1926,F,8/16/2014
27770,5:46 PM,530304,21:05:12,false,1954,M,5/12/2016
20022,1:04 AM,17072,05:48:51,true,1900,M,1/22/2016
23847,5:21 PM,611662,19:15:34,false,1937,,5/23/2015
23414,6:29 PM,880735,23:08:34,false,1953,M,12/23/2016
25196,5:39 AM,214311,17:10:56,false,1974,M,7/30/2016
27593,12:18 AM,580924,17:40:43,true,1959,M,9/27/2014
22636,8:54 AM,971731,14:49:49,true,1981,F,10/6/2015
28932,10:19 AM,933441,05:37:17,false,1890,F,1/24/2014
23399,11:52 PM,139453,14:37:02,false,1947,F,1/3/2013
22005,12:17 AM,739709,13:46:28,true,1962,M,8/9/2013
28494,12:02 AM,132215,12:45:52,true,,M,4/1/2017
28483,12:51 PM,64183,06:40:47,false,1990,M,2/18/2018
23577,6:37 PM,211428,05:21:37,true,1901,F,3/31/2014
28544,7:07 AM,837663,23:48:50,false,1898,F,9/26/2014
21278,11:57 PM,880666,04:35:37,true,1998,M,7/24/2014
22223,2:06 AM,939480,23:04:30,true,1999,M,7/8/2017
25368,8:58 PM,301024,08:35:29,false,1902,F,8/4/2014
24755,2:08 AM,836854,18:35:45,false,1915,M,5/31/2017
29962,3:20 PM,249189,12:33:31,true,1891,F,12/15/2014
24978,9:58 AM,181030,12:15:24,false,1939,M,8/18/2016
23017,4:08 PM,364424,21:22:27,true,1914,M,3/21/2016
22123,6:51 PM,125516,05:42:59,false,1948,M,7/31/2017
20880,8:02 AM,800538,14:25:01,true,1951,F,1/7/2018
26606,9:25 PM,207034,06:55:48,false,1963,F,11/30/2014
27968,10:55 PM,813732,08:57:13,false,1970,F,7/8/2017
20421,1:01 AM,559411,12:25:01,true,1993,M,4/2/2013
29977,7:46 PM,541623,02:13:19,true,1995,M,1/2/2014
27230,1:13 PM,914759,03:19:37,false,1978,F,1/13/2017
21371,1:44 AM,985326,11:26:50,true,1973,M,3/5/2014
23606,8:42 AM,590673,04:47:09,true,1895,F,5/25/2013
25951,11:50 PM,976206,07:01:01,true,1988,M,4/21/2013
27331,10:32 AM,747720,02:14:15,true,1899,F,11/10/2014
27280,4:28 AM,542559,11:11:23,false,1959,M,8/25/2016
27468,1:41 AM,117063,10:12:34,false,1938,M,2/16/2018
29756,7:00 AM,582514,00:48:36,false,1992,F,1/6/2017
27927,3:10 PM,816279,01:54:44,true,1917,F,4/12/2017
20644,9:00 AM,454272,15:11:56,true,1942,F,11/28/2016
20519,5:24 AM,673833,00:34:44,true,1924,M,2/8/2014
27172,4:57 PM,298203,03:47:58,false,1915,F,8/18/2015
25519,10:21 AM,888025,17:02:01,true,1939,F,1/10/2017
23771,10:10 AM,790989,13:53:20,false,1918,M,1/13/2016
28031,9:44 AM,867171,10:37:49,false,1983,M,4/11/2014
29054,6:03 PM,223721,08:12:24,false,1946,F,1/31/2013
29323,1:54 AM,827367,15:43:49,true,1977,F,10/21/2015
25382,8:43 PM,979844,04:54:31,false,1896,F,6/10/2013
23070,11:26 PM,751934,16:18:45,false,1935,F,4/18/2013
24086,2:42 PM,163924,12:14:54,false,1948,M,6/12/2013
26652,10:19 AM,160203,06:49:33,false,1988,F,11/28/2016
28763,10:13 AM,882466,15:20:59,true,1922,F,7/15/2016
23219,6:40 AM,220137,19:49:10,true,1952,M,9/18/2016
20546,3:21 PM,75007,12:11:54,true,1961,M,12/20/2015
25711,11:35 AM,223583,01:42:22,true,1953,M,11/19/2013
29215,12:29 PM,447382,16:46:20,false,1992,,6/3/2016
28912,11:07 PM,320969,16:17:21,false,1927,M,3/24/2016
27575,1:02 AM,377259,09:50:21,false,1949,F,1/7/2014
25160,11:20 PM,255993,22:27:27,false,1934,M,11/2/2013
25806,7:45 AM,399260,22:39:46,false,1910,F,1/30/2016
28413,3:58 PM,532002,19:45:10,true,1988,M,3/31/2016
22014,9:01 PM,462485,05:29:39,true,1972,M,2/9/2016
23313,2:15 PM,740870,04:03:30,true,1930,M,4/10/2013
26155,10:16 AM,210094,20:38:10,true,1970,F,5/29/2014
24928,3:46 AM,137484,17:57:52,false,1907,M,5/20/2014
26071,1:53 AM,610421,03:27:04,false,1999,M,2/17/2018
22870,8:37 AM,125271,19:25:31,true,1951,F,9/15/2013
20344,4:05 AM,450126,09:07:18,false,1912,,12/10/2014
21528,9:31 PM,501324,16:46:50,false,1905,,1/7/2018
27641,3:36 PM,338244,13:33:30,true,1936,M,4/15/2014
22706,7:56 AM,764998,04:26:03,true,1907,M,2/7/2015
27713,12:27 AM,647655,12:21:35,true,1919,M,4/7/2014
25249,5:03 AM,515992,04:23:14,true,1905,M,10/13/2016
24958,7:35 PM,432015,19:35:23,true,1960,F,4/9/2014
20841,5:26 PM,168781,16:19:07,true,1994,F,9/24/2014
22446,4:00 PM,754064,09:28:03,true,1990,F,3/27/2014
29148,11:26 AM,463583,20:12:27,false,1999,F,1/13/2017
20078,4:32 PM,233577,09:25:05,true,1890,M,1/19/2016
27576,9:40 PM,230016,13:33:55,true,1960,F,3/27/2017
27157,7:02 AM,476416,19:22:45,true,1965,F,5/17/2017
29635,8:29 AM,220059,21:37:34,true,1994,F,3/19/2017
20436,8:09 AM,842727,02:15:23,true,1920,F,8/2/2013
28790,1:31 AM,561753,13:33:38,false,1907,F,3/6/2016
27488,5:55 PM,460879,01:56:41,false,1889,M,11/26/2016
26263,7:25 AM,558977,18:41:53,true,1901,M,12/26/2015
21577,10:03 PM,270018,01:03:54,true,1943,F,3/12/2015
20165,7:37 PM,164262,17:15:34,true,1942,F,3/12/2015
27215,10:29 AM,931216,05:09:16,false,1990,F,2/14/2013
26360,9:00 AM,56507,00:42:28,false,,F,9/1/2015
27435,2:31 PM,152101,08:46:22,true,1959,M,2/28/2018
20226,1:23 AM,328447,20:37:38,true,1980,F,10/26/2016
26390,12:03 PM,629022,18:46:54,true,,M,10/29/2014
27493,7:58 AM,862092,07:26:12,false,1960,M,10/1/2017
28408,7:10 AM,122861,17:18:32,true,1898,M,5/9/2013
22720,3:51 PM,671077,10:16:09,true,1971,M,10/10/2015
27611,3:14 PM,579788,08:17:53,false,1894,F,2/5/2017
20586,9:46 AM,630199,16:50:08,false,1914,F,7/3/2016
28549,11:11 AM,635573,19:44:19,true,1935,F,10/18/2017
22787,7:01 PM,690244,18:45:05,false,1898,M,11/17/2013
25324,10:03 PM,441286,00:38:11,true,1890,M,9/7/2014
29947,3:23 PM,159970,11:49:15,true,1894,M,8/6/2013
22277,12:59 PM,983333,22:08:25,false,1912,M,4/21/2017
20034,8:58 AM,873299,11:33:49,false,1969,F,5/17/2016
22220,10:53 AM,418077,07:01:55,true,1941,M,5/23/2017
22393,2:46 PM,430905,14:28:21,false,1995,M,10/7/2014
28918,1:17 AM,212593,12:20:56,false,1965,F,4/2/2013
24373,8:56 PM,583663,15:04:03,false,1913,M,2/25/2015
25136,11:31 PM,998762,12:57:39,false,1920,F,10/14/2014
27637,9:05 PM,395812,11:02:13,false,1896,M,2/6/2015
28575,7:57 AM,85964,07:49:49,true,1988,F,1/31/2017
27404,7:24 PM,56733,11:10:32,true,1963,F,1/19/2015
20768,3:06 PM,116710,23:31:35,true,1972,F,6/29/2017
26506,5:38 PM,72501,13:46:54,false,1942,M,1/26/2016
28236,4:42 AM,70125,00:11:31,false,1980,M,1/31/2017
20517,8:31 PM,193306,02:13:19,true,1964,F,1/28/2017
26341,10:41 AM,670917,05:03:27,false,1952,M,1/22/2018
24922,6:40 AM,372356,14:06:24,true,1947,F,1/27/2013
25581,8:29 PM,481070,10:07:07,true,1903,M,11/3/2015
26554,6:28 AM,389094,18:33:00,false,1979,M,3/7/2015
22170,6:43 AM,851565,03:15:46,true,1988,M,5/2/2014
29507,9:21 AM,956092,10:56:04,true,1977,M,3/18/2013
20750,11:03 PM,695734,00:19:22,false,1895,F,1/22/2015
22920,2:10 AM,218219,14:47:30,false,1995,F,1/13/2013
22899,7:53 AM,484069,22:21:26,false,1966,,6/21/2016
26136,2:03 PM,150881,07:58:00,true,1909,M,6/16/2016
20467,7:34 PM,327521,14:32:59,true,1999,F,2/9/2016
21765,4:51 AM,218530,17:33:37,false,1943,M,3/21/2015
29205,11:39 AM,252480,09:47:49,true,1960,M,3/21/2014
22307,8:11 AM,54174,23:14:36,false,1889,F,8/2/2014
26697,9:09 PM,61157,14:08:41,false,1977,M,8/3/2015
27027,2:21 AM,685479,00:46:38,true,1985,F,1/26/2014
26443,7:08 PM,541871,01:39:46,true,1995,M,4/18/2015
29710,7:19 PM,900420,05:26:17,true,1927,M,4/25/2016
27976,1:33 AM,642412,12:00:31,false,1888,F,2/2/2014
24680,11:22 PM,42450,11:09:47,true,1979,M,7/27/2014
20352,7:37 PM,327626,14:37:52,false,1926,F,3/17/2016
26342,1:02 AM,423972,22:48:44,true,1925,F,4/27/2015
23777,5:00 PM,676794,13:00:31,false,,F,6/24/2017
22640,12:43 PM,506816,09:30:46,false,1987,F,6/1/2013
20790,10:26 PM,244112,18:14:53,true,1944,M,7/19/2016
22466,9:29 PM,231646,13:49:50,false,1966,,9/1/2015
20303,12:57 AM,875792,04:13:56,true,1926,F,7/29/2017
28692,2:44 PM,976314,21:56:22,false,1975,F,4/17/2017
27679,9:35 PM,600129,20:17:33,true,1979,M,6/6/2015
24507,6:18 PM,786259,20:42:49,false,1919,M,8/30/2014
24731,9:24 PM,70595,17:01:34,true,1926,M,12/26/2014
23816,11:31 PM,439365,01:34:44,true,1934,F,1/16/2013
24487,5:15 PM,794625,21:58:58,false,1956,F,3/22/2015
28181,9:49 PM,574637,13:26:27,false,1914,F,2/14/2018
26477,2:38 AM,125831,13:35:23,false,1889,F,6/26/2015
25029,1:10 AM,920228,16:47:31,false,1887,M,3/26/2014
28034,8:56 AM,186332,12:42:19,true,1998,F,12/8/2016
27509,7:45 PM,476867,08:13:08,false,1896,M,6/9/2016
26385,5:00 AM,264739,06:33:10,true,1949,F,3/20/2016
21045,1:27 AM,990480,12:35:45,true,1936,M,6/6/2015
22043,8:40 PM,589956,16:32:48,true,,F,10/21/2017
28793,2:54 AM,515603,02:07:48,false,1999,M,8/4/2013
20606,3:29 PM,938212,12:06:22,false,1923,M,6/20/2013
28304,11:40 AM,799825,17:50:46,true,1982,M,3/24/2014
29420,11:44 AM,297343,22:20:05,true,1898,F,12/15/2015
24448,9:19 PM,882829,02:33:39,true,1938,M,8/10/2015
28658,5:59 PM,265945,19:52:12,true,1932,F,10/6/2014
20975,3:42 PM,181807,18:12:36,true,1953,F,4/5/2013
22834,2:20 AM,15830,06:43:51,true,1962,F,4/23/2014
21959,4:06 AM,722235,12:44:11,true,,F,9/29/2015
25128,3:11 AM,331834,23:21:56,false,1934,M,9/23/2013
29162,3:56 PM,988898,02:38:11,false,1917,M,2/16/2015
20374,10:51 AM,591800,07:15:05,false,,F,1/30/2016
22187,9:40 PM,242753,17:05:54,false,1981,F,4/12/2015
29360,11:42 PM,813874,09:47:17,false,1981,M,11/24/2017
27736,2:12 PM,161072,10:57:08,true,1971,F,11/24/2014
24215,10:08 PM,492431,14:56:10,true,1902,M,7/9/2016
23336,4:50 AM,952030,05:17:36,true,1938,M,5/15/2014
25554,12:04 PM,338099,09:59:30,false,1986,M,12/9/2017
26226,9:36 AM,414958,04:52:48,false,1948,F,1/2/2013
20542,4:06 AM,738943,17:21:47,false,1920,F,7/17/2014
22857,3:30 AM,816135,14:12:29,false,1953,M,2/8/2014
25397,10:05 PM,101703,02:21:02,true,1953,M,8/6/2016
20440,9:46 AM,599817,08:23:18,true,1979,M,5/16/2013
25144,12:41 AM,793146,05:00:23,true,1901,F,11/11/2013
28720,8:35 PM,691757,20:44:43,false,1986,F,10/19/2015
27193,3:26 PM,896110,00:21:21,true,1965,F,12/20/2017
25667,7:37 AM,274292,11:49:23,false,1983,F,1/7/2013
21842,11:02 PM,600257,21:46:45,false,1938,F,10/16/2014
24133,4:51 PM,100269,20:42:32,false,1939,M,7/22/2016
22051,10:25 PM,298402,09:19:17,false,1995,F,4/15/2013
23381,7:44 AM,69101,02:56:20,false,1987,F,8/4/2015
23306,2:22 AM,646732,14:01:44,true,,F,8/21/2017
21124,5:10 PM,360662,21:21:54,true,1902,M,1/13/2013
20156,2:48 PM,802687,21:46:40,false,1950,M,7/8/2016
22655,2:17 AM,940131,23:26:27,true,1916,F,10/4/2014
29827,5:40 AM,725221,15:07:06,true,1887,M,3/12/2013
29749,9:55 PM,755324,15:44:23,true,1888,F,5/20/2015
29059,3:44 AM,831219,18:38:09,false,1901,F,11/9/2013
23569,10:56 AM,211171,21:35:37,true,1903,F,3/29/2016
23602,8:47 PM,899105,06:32:14,true,1943,F,11/29/2017
21259,7:15 AM,844862,01:56:06,true,1931,M,9/26/2014
25298,7:04 PM,909692,07:46:28,false,1902,M,8/13/2014
20624,4:04 PM,930698,10:36:09,false,1932,F,3/8/2018
23209,6:18 AM,327356,01:14:24,true,1910,F,3/14/2017
29449,1:59 PM,122642,00:03:32,true,,F,12/25/2014
25901,6:29 PM,953697,19:24:23,true,1892,F,11/29/2016
20869,1:04 AM,1687,01:33:04,true,1957,F,10/23/2015
20249,2:35 AM,476705,15:00:10,true,1965,F,7/7/2017
20314,11:28 AM,242878,06:56:15,true,1976,M,6/22/2017
26247,10:16 AM,20417,15:56:57,true,1892,F,6/17/2015
29038,12:53 AM,351422,02:31:01,false,1922,M,11/1/2017
25480,12:57 AM,349760,02:07:15,false,1989,M,2/15/2017
26681,7:08 PM,364344,00:21:02,false,1966,F,3/4/2015
27658,10:10 AM,685883,08:41:34,true,1943,F,1/29/2017
28216,10:51 AM,483444,01:09:14,false,1943,M,11/5/2017
29391,6:55 PM,34254,04:26:29,true,1944,F,9/10/2013
27617,7:17 PM,803892,02:35:39,false,1950,F,12/23/2016
29384,3:52 PM,223581,05:59:20,true,1914,M,8/24/2014
28912,10:15 PM,460674,06:13:22,false,1911,F,3/30/2017
26020,1:39 PM,449477,18:31:13,true,1905,F,7/8/2013
23231,7:07 PM,241803,14:17:56,true,1941,F,4/12/2016
26809,3:21 AM,440959,05:51:00,false,1937,M,1/21/2014
20220,8:30 PM,375784,04:53:48,true,1997,F,10/5/2013
24351,1:08 AM,497043,19:12:53,false,1914,M,12/25/2013
21613,2:11 PM,15216,18:24:57,true,1974,F,2/23/2018
25940,7:25 PM,531925,23:10:42,true,1971,M,10/24/2015
26290,9:34 AM,305960,22:34:12,false,1897,F,2/27/2014
28049,2:21 AM,693695,03:03:12,true,1930,M,5/9/2016
28038,6:39 AM,275232,11:07:01,true,1952,F,10/7/2017
21156,4:09 PM,504649,12:20:14,false,1931,F,1/19/2015
25153,1:13 PM,421363,10:16:36,false,1941,F,6/21/2017
22985,11:58 AM,965355,16:07:30,true,1929,M,9/16/2016
20536,8:03 AM,788898,11:11:31,true,,F,10/22/2017
20050,10:44 AM,635272,19:12:40,true,1972,F,4/23/2017
28301,3:13 AM,19053,08:30:48,true,1905,M,4/27/2016
28017,4:18 PM,860577,15:21:24,true,1990,F,9/26/2014
22568,7:42 AM,170353,07:01:51,true,1918,F,3/12/2016
24999,11:03 PM,999605,12:43:54,true,1953,F,3/17/2018
24669,1:38 AM,425122,23:44:05,false,1921,F,8/30/2013
20846,5:04 AM,336535,02:32:55,false,,M,9/7/2014
29218,6:16 AM,418932,02:39:00,true,1983,F,1/30/2013
23660,2:41 PM,309266,04:35:44,false,1933,F,6/17/2017
24775,10:11 AM,589844,06:01:58,false,1968,F,10/31/2014
28048,12:28 AM,210826,11:02:42,false,1947,M,3/2/2014
22518,12:31 AM,97410,03:35:10,false,1900,,11/6/2016
27689,3:04 AM,180995,05:21:21,true,1996,F,3/31/2014
21892,12:07 PM,956764,13:53:27,true,1923,M,9/7/2015
23790,6:28 PM,145415,10:52:07,false,1955,M,5/26/2013
24311,7:03 AM,538220,12:34:13,true,1985,F,5/10/2017
21366,12:15 AM,2680,01:00:13,false,1899,M,8/28/2016
24975,10:46 AM,390252,23:10:55,true,1972,F,1/15/2013
25429,9:20 AM,205076,18:18:18,true,1924,M,2/3/2017
23585,9:25 AM,356493,12:27:13,false,1902,F,3/19/2015
23647,2:22 PM,882464,19:30:05,false,1925,F,1/9/2013
23212,11:22 AM,654784,01:15:18,true,1936,F,3/3/2017
28109,9:53 AM,460145,17:42:56,true,,M,4/1/2014
20032,2:04 AM,535411,06:47:37,false,1992,M,5/4/2014
23730,3:46 AM,2812,04:33:16,true,1954,M,7/9/2017
25449,5:46 AM,54554,20:55:55,true,1972,M,7/6/2015
20963,11:14 AM,591291,07:29:33,false,1914,F,9/22/2014
28331,11:49 PM,897433,09:07:07,false,1953,M,8/14/2017
23199,1:20 PM,488885,05:08:47,true,1975,M,8/9/2013
23910,12:10 AM,932887,19:18:38,false,1917,M,4/7/2017
20859,11:21 AM,944573,09:44:20,true,1998,M,9/22/2015
27279,2:24 PM,714117,20:46:44,false,1965,F,12/27/2017
26968,11:21 AM,974905,18:09:42,false,1950,M,8/19/2015
21624,3:12 PM,227600,06:25:37,false,1989,F,10/21/2017
26623,4:54 PM,190632,21:51:18,true,1926,F,5/6/2016
26752,2:10 AM,382573,12:26:15,false,1982,M,3/3/2015
25892,3:13 AM,67553,21:59:24,true,1970,F,4/8/2017
23798,12:21 AM,723830,09:25:18,false,1922,F,1/5/2017
23091,10:08 AM,415554,05:34:31,true,1904,F,7/18/2016
29435,11:44 AM,307436,01:08:35,true,1987,F,8/11/2017
29824,11:11 PM,260103,23:26:54,false,1962,F,10/8/2017
25072,11:15 PM,851191,19:42:18,false,1971,F,12/21/2015
25894,12:20 AM,417845,20:24:14,false,1888,F,2/6/2018
20550,1:57 PM,570216,04:21:13,true,1978,F,7/19/2014
25024,6:57 PM,570870,09:32:18,true,1982,F,6/19/2013
20351,8:38 AM,347493,09:10:09,false,1892,F,8/11/2017
21976,6:52 PM,834445,10:40:21,true,1948,F,4/8/2013
22671,7:33 PM,303890,07:57:51,false,1933,M,12/9/2017
20910,3:58 AM,332624,00:22:00,true,1985,F,12/29/2016
21232,2:54 PM,835966,07:07:08,false,1938,M,3/26/2018
28840,7:25 PM,664753,12:05:06,false,1996,F,10/9/2016
28406,5:18 PM,37268,03:39:56,false,1906,F,8/8/2014
28096,1:20 PM,177734,14:42:17,false,1974,M,8/31/2014
28885,9:52 AM,154575,04:48:52,true,1980,M,1/23/2017
24158,9:09 AM,161141,05:55:28,true,1951,F,4/30/2013
20017,10:54 AM,632488,18:36:14,true,1913,F,10/12/2017
27243,10:20 PM,404020,14:34:04,false,1983,F,12/3/2015
26827,6:59 PM,696695,20:31:23,true,1953,M,5/23/2017
24112,5:31 PM,622912,22:33:39,true,1931,F,9/29/2016
27533,11:51 PM,610372,01:24:13,false,1971,F,1/2/2013
23319,2:09 AM,418494,22:24:15,true,1986,M,2/15/2015
29078,1:25 PM,987672,23:46:37,false,1949,F,9/17/2016
21621,10:51 PM,532289,02:43:23,false,1939,F,7/29/2014
20445,6:58 AM,119427,16:08:29,true,1922,F,12/19/2013
27195,10:58 AM,444024,14:19:07,true,1909,,5/7/2016
27857,4:08 PM,158438,12:08:43,true,1939,M,4/3/2014
26143,4:55 AM,255654,03:56:45,true,1944,F,11/23/2015
22401,5:32 PM,859485,16:16:54,true,1906,M,8/17/2013
29182,11:22 PM,551159,08:28:28,true,1949,M,1/18/2015
26228,2:35 PM,855975,12:21:53,true,1941,F,4/13/2013
21708,10:43 AM,791257,14:31:32,true,1925,M,11/11/2017
29705,3:17 AM,253681,01:45:36,true,1991,M,4/4/2013
27366,8:02 AM,637818,17:12:25,true,1967,M,4/3/2013
20862,10:41 PM,950326,22:40:16,true,1968,M,12/25/2014
27577,9:05 PM,819885,08:49:52,false,1926,F,12/31/2014
29775,5:29 AM,31723,14:17:59,false,1968,M,10/29/2016
20945,11:18 PM,890988,06:48:13,true,1922,F,5/28/2014
29365,10:30 AM,193751,16:19:29,true,1901,F,10/14/2016
29995,8:40 PM,175293,21:21:39,false,1904,F,5/8/2014
24875,1:44 PM,639090,23:15:36,false,1938,F,2/17/2015
29142,5:56 PM,786185,20:19:45,true,1947,M,2/3/2015
28062,3:34 AM,271325,06:56:46,true,1910,F,6/7/2015
24660,4:10 AM,765092,00:42:12,false,1917,M,6/19/2014
26768,6:23 AM,724868,15:44:39,true,1975,F,4/11/2013
23159,12:05 AM,225453,14:42:36,true,1927,M,4/13/2016
29425,10:39 PM,663619,14:59:53,false,1920,F,9/4/2017
24638,12:09 PM,226079,02:57:34,false,1932,F,9/4/2017
28749,9:43 PM,560042,09:17:05,false,1941,F,11/17/2013
26306,5:54 PM,945584,16:34:02,false,1905,,7/10/2013
24884,7:37 AM,106239,13:08:21,false,1957,F,7/28/2016
29347,11:46 PM,64653,17:44:15,true,1919,M,12/15/2017
24867,12:19 AM,711664,06:00:29,false,1928,M,2/9/2018
28353,8:23 PM,579766,13:26:00,true,1915,F,10/16/2014
21951,8:16 PM,702572,23:26:29,false,1929,M,12/31/2017
23253,9:30 AM,793405,13:53:59,true,1945,M,8/2/2015
25727,6:54 AM,245950,03:13:52,false,,F,7/22/2017
27678,3:59 AM,763823,00:09:59,true,1938,F,11/28/2013
26755,1:31 PM,614394,16:11:20,false,1957,M,8/12/2017
23451,6:34 AM,503165,02:20:57,false,1893,M,9/18/2017
22130,2:21 PM,737025,03:05:41,true,1924,F,2/7/2018
21835,7:27 PM,838734,12:26:38,false,1915,M,3/21/2014
22372,6:23 AM,664401,22:56:41,false,,M,7/17/2015
24891,10:05 PM,510836,19:59:33,false,1925,M,9/1/2016
28511,8:04 AM,582726,01:56:43,false,1985,F,9/30/2017
23640,1:56 AM,379678,11:24:27,false,1925,F,12/16/2015
25357,5:35 AM,706692,09:53:23,true,1914,F,10/7/2013
26308,3:16 AM,204105,11:57:45,true,1896,F,2/1/2017
22694,9:49 PM,552961,07:25:51,false,1964,M,7/22/2013
22078,4:10 AM,366904,10:05:14,true,1974,F,6/1/2016
22614,7:53 AM,210347,18:18:53,false,1895,M,2/5/2016
25460,7:03 AM,445739,10:52:49,false,1995,F,1/28/2016
26959,10:56 AM,392954,00:05:44,true,1898,M,7/12/2016
25965,11:54 PM,450763,05:07:41,true,1974,F,7/1/2015
23138,1:16 AM,31016,09:53:25,true,1976,M,9/10/2013
28356,1:25 PM,37793,23:55:38,false,1894,F,8/13/2013
21818,7:31 PM,281460,01:42:35,true,1898,F,11/26/2013
27296,8:26 PM,513497,19:04:29,false,1997,M,2/2/2018
28829,9:02 PM,794912,01:51:29,false,1921,M,1/4/2013
24786,8:04 AM,395324,21:53:26,false,1920,M,11/29/2013
26144,6:09 PM,439404,20:12:41,false,1955,F,3/22/2018
20618,11:50 PM,30909,08:26:06,false,1932,F,5/21/2016
26079,1:59 AM,517297,01:40:50,true,1933,M,6/6/2014
25217,3:30 AM,635362,12:00:18,true,1991,F,1/13/2014
25003,4:12 AM,670446,22:26:24,true,1899,F,1/13/2016
26690,11:10 PM,722304,07:49:21,true,1890,F,2/15/2014
24950,7:42 AM,339903,06:07:24,true,1965,M,12/28/2013
26829,1:34 AM,564593,14:24:19,true,1950,F,5/22/2015
26439,11:16 AM,916008,01:42:54,false,1914,M,9/20/2014
21066,1:25 AM,790621,05:02:49,false,1955,M,5/25/2015
22936,6:15 PM,800330,00:34:40,false,1892,F,12/18/2014
28454,9:32 PM,598608,19:49:19,true,1919,M,4/17/2015
27495,4:31 PM,714897,23:05:58,true,1941,M,1/25/2015
26325,11:52 PM,259609,23:59:10,true,1995,M,10/2/2015
25007,2:11 AM,458091,09:26:37,true,1916,F,6/26/2013
27597,9:02 PM,696146,22:24:59,true,1944,M,12/2/2013
27862,10:08 AM,647683,22:03:14,true,1960,,3/5/2013
27473,5:09 PM,272387,20:49:21,true,1997,F,2/20/2018
24837,11:11 PM,278947,04:40:33,true,1981,F,2/24/2018
21863,8:56 PM,59864,13:33:50,false,1943,M,8/23/2013
29207,2:53 AM,309012,16:44:11,true,,M,12/21/2016
29043,11:25 PM,212457,10:26:56,true,1988,M,3/16/2017
22553,8:15 AM,205381,17:18:01,false,,M,8/7/2015
29704,5:49 PM,183825,20:52:53,true,1979,M,2/10/2014
23903,12:51 AM,996441,13:39:08,true,1894,F,9/23/2015
23661,4:44 PM,496163,10:33:50,true,1976,F,9/13/2015
23893,11:46 AM,334819,08:46:53,true,1922,M,11/5/2016
22222,3:13 AM,88938,03:55:22,false,1906,M,12/19/2017
26738,5:43 PM,819120,05:15:40,true,1913,M,1/18/2013
29928,6:29 PM,205861,03:40:11,true,1915,M,7/24/2015
20465,12:16 AM,993388,12:12:52,true,1897,F,3/15/2014
26901,9:56 PM,84564,21:26:21,false,1992,M,6/18/2015
27627,12:15 PM,9338,14:51:28,true,1932,M,2/6/2015
28982,12:59 PM,346845,13:20:02,true,,M,8/12/2014
21955,12:33 AM,935666,20:27:40,true,1900,M,11/21/2014
21353,7:33 PM,836217,11:50:56,false,1939,M,1/22/2014
22988,10:16 AM,548920,18:45:36,false,1994,M,3/25/2013
27758,8:12 PM,765429,16:50:04,true,1900,M,8/7/2015
24314,4:26 PM,966381,20:53:18,false,1939,M,3/8/2014
22510,2:36 AM,484274,17:07:29,true,1896,M,7/2/2015
26468,9:22 AM,61065,02:20:30,true,1996,F,2/12/2017
29271,4:55 AM,404834,21:23:10,true,1928,F,4/8/2015
20373,3:16 PM,946689,14:14:47,false,1963,M,1/6/2015
26630,1:23 AM,533120,05:29:19,true,1995,M,12/3/2017
22416,9:01 AM,406952,02:04:22,true,1936,M,1/23/2014
29064,10:13 AM,942933,08:08:47,false,1956,F,10/19/2014
27418,10:32 AM,24886,17:26:53,false,,M,6/4/2017
26022,1:58 AM,244038,21:45:23,false,1974,F,7/28/2017
27232,6:11 AM,797260,11:39:31,true,1907,M,2/9/2017
26099,1:52 PM,304809,02:32:28,false,1928,F,12/23/2014
25210,9:35 PM,365141,03:01:06,true,1991,M,6/10/2017
20108,12:01 AM,202355,08:14:24,false,1907,M,3/10/2017
24805,3:25 PM,643931,02:17:13,false,1982,M,6/1/2016
20435,7:40 PM,642421,06:07:43,true,1982,M,1/15/2015
25530,2:35 PM,75474,11:33:43,true,1968,F,11/18/2013
23829,11:33 PM,312381,14:19:36,true,,M,8/12/2016
28556,3:14 PM,609224,16:28:24,false,1959,F,8/2/2017
21664,1:23 AM,463045,10:01:12,true,1960,M,2/20/2018
24724,7:50 AM,631328,15:12:36,true,1958,F,5/1/2013
27630,11:04 AM,873958,13:50:41,true,1965,M,11/16/2016
23583,6:49 AM,907616,18:56:42,false,1895,M,3/31/2013
24355,10:47 PM,806414,06:48:11,false,1896,F,10/28/2014
21272,10:51 PM,170178,22:07:59,true,1923,F,7/18/2015
28979,5:53 AM,840411,23:20:15,true,1896,M,4/14/2017
29229,7:54 PM,361799,00:24:16,false,1889,M,12/30/2013
24190,6:26 PM,623962,23:45:49,false,1945,F,7/27/2013
22455,6:55 AM,592223,03:26:19,false,1923,M,8/30/2013
24072,5:51 AM,724084,14:59:57,false,1900,M,9/17/2015
28531,6:28 AM,163718,03:56:38,false,1918,F,4/13/2014
21382,4:03 AM,773037,02:47:51,false,1932,M,4/25/2014
29777,10:46 AM,47044,23:50:27,false,1936,M,5/1/2013
23474,3:47 AM,996306,16:32:48,true,1929,M,1/29/2018
26406,8:09 AM,274384,12:22:35,true,1948,F,5/20/2013
23866,5:24 PM,366540,23:13:47,true,1995,M,10/18/2017
28312,5:28 AM,90724,06:40:29,false,1942,M,6/19/2016
27585,9:25 PM,966877,01:59:37,false,1924,F,11/29/2015
28989,2:19 AM,51176,16:32:04,true,1928,F,5/29/2015
24533,1:49 AM,392900,14:57:20,false,1904,F,1/19/2017
20060,12:55 PM,688342,12:08:11,false,1889,M,7/14/2013
28642,8:22 AM,697097,10:00:27,false,1970,F,5/17/2015
28587,2:49 PM,462618,23:20:08,true,,F,2/11/2013
25901,11:17 PM,59794,15:53:34,true,1902,M,8/27/2017
23668,5:54 AM,658029,20:41:59,false,1975,F,8/4/2015
28855,12:34 PM,444402,16:01:35,false,1896,F,2/24/2015
29404,9:47 AM,251046,07:32:03,false,1983,M,8/28/2016
25025,1:35 PM,378623,22:45:52,false,1967,F,1/27/2016
24986,2:52 PM,236580,08:35:01,false,1997,F,8/22/2016
23644,3:39 PM,804884,23:13:51,false,1926,M,3/18/2016
29180,10:21 PM,151731,16:30:27,true,1939,,5/5/2015
29160,6:42 AM,494376,00:02:29,true,1903,M,5/3/2013
22705,10:12 PM,501113,17:24:16,true,1932,M,2/14/2016
29422,8:55 PM,540190,02:58:23,false,1946,M,6/24/2014
25439,11:47 AM,298983,22:50:46,false,1974,M,2/28/2017
24516,6:46 AM,907661,18:54:39,false,1974,M,1/17/2013
21160,6:27 PM,566508,07:49:19,false,1933,F,12/7/2014
24841,9:08 PM,611527,23:00:15,false,1889,F,2/18/2014
20584,11:02 PM,129159,10:54:50,false,1970,M,1/23/2014
26341,2:39 AM,787843,05:29:51,true,1994,F,3/2/2016
21940,5:35 PM,278518,22:57:37,true,1943,F,12/26/2015
21511,6:51 PM,223126,08:50:07,false,1941,F,9/8/2013
26105,5:08 PM,483693,07:29:50,false,1950,M,9/8/2017
25906,2:49 AM,101832,07:06:34,false,1971,F,7/1/2014
23369,7:00 AM,738804,20:14:01,true,,F,2/5/2013
28542,12:07 PM,679477,08:51:42,false,1904,F,2/17/2016
25824,10:43 AM,640323,20:35:26,true,1975,M,8/18/2015
28996,2:50 AM,929036,20:54:20,false,1891,F,3/21/2017
24161,10:29 PM,9670,01:11:00,true,1942,M,3/7/2014
27386,4:22 AM,822136,16:44:27,true,1945,F,1/4/2015
24595,10:15 AM,402939,02:10:47,true,1981,F,1/29/2016
27403,8:33 AM,302986,20:43:30,false,1892,F,12/20/2015
29687,9:18 PM,217846,09:49:39,true,1897,F,9/21/2015
